NAME,VARLABEL,TYPE,TROLL,DISENGAGED,CONJUNCTIONS,CONJUNCTION NOTES,WHY TROLL? FIRST REVIEWER NOTES,WHY DISENGAGED? FIRST REVIEWER NOTES,CONJUNCTION/TROLL SECOND REVIEWER PASS/FAIL,SECOND REVIEWER PASS/FAIL REASONING
CNT,Country code 3-character,CHAR,0,0,,,,,,
CNTRYID,Country Identifier,NUM,0,0,,,,,,
CNTSCHID,Intl. School ID,NUM,0,0,,,,,,
CYC,PISA Assessment Cycle (2 digits + 2 character Assessment type - MS/FT),CHAR,0,0,,,,,,
STRATUM,Stratum ID 5-character (cnt + original stratum ID),CHAR,0,0,,,,,,
SUBNATIO,Adjudicated sub-region code 7-digit code (3-digit country code + region ID + stratum ID),CHAR,0,0,,,,,,
REGION,REGION,NUM,0,0,,,,,,
OECD,OECD country,NUM,0,0,,,,,,
ADMINMODE,Mode of Respondent,NUM,0,0,,,,,,
LANGTEST_QQQ,Language of Questionnaire,NUM,0,0,,,,,,
LANGTEST_COG,Language of Assessment,NUM,0,0,,,,,,
LANGTEST_PAQ,Language of Parent Questionnaire,NUM,0,0,,,,,,
Option_CT,Creative Thinking Option,NUM,0,0,,,,,,
Option_FL,Financial Literacy Option,NUM,0,0,,,,,,
Option_ICTQ,ICT Questionnaire Option,NUM,0,0,,,,,,
Option_WBQ,Well-Being Questionnaire Option,NUM,0,0,,,,,,
Option_PQ,Parent Questionnaire Option,NUM,0,0,,,,,,
Option_TQ,Teacher Questionnaire Option,NUM,0,0,,,,,,
Option_UH,Une Heure Option,NUM,0,0,,,,,,
BOOKID,Form Identifier,NUM,0,0,,,,,,
ST001D01T,Student International Grade (Derived),NUM,0,2,,,,Question Style*,,
ST003D02T,Student (Standardized) Birth - Month,NUM,0,2,,,,Question Style*,,
ST003D03T,Student (Standardized) Birth -Year,NUM,0,2,,,,Question Style*,,
ST004D01T,Student (Standardized) Gender,NUM,0,0,,,,,,
ST250Q01JA,Which of the following are in your [home]: A room of your own,NUM,0,0,,,,,,
ST250Q02JA,"Which of the following are in your [home]: A computer (laptop, desktop, or tablet) that you can use for school work",NUM,0,0,,,,,,
ST250Q03JA,Which of the following are in your [home]: Educational Software or Apps,NUM,0,0,,,,,,
ST250Q04JA,Which of the following are in your [home]: Your own [cell phone] with Internet access (e.g. smartphone),NUM,0,0,,,,,,
ST250Q05JA,Which of the following are in your [home]: Internet access (e.g. Wi-fi) (excluding through smartphones),NUM,0,0,,,,,,
ST250D06JA,Which of the following are in your home? <Country-specific item 1>,CHAR,0,0,,,,,,
ST250D07JA,Which of the following are in your home? <Country-specific item 2>,CHAR,0,0,,,,,,
ST251Q01JA,"How many of these items are there at your [home]: Cars, vans, or trucks",NUM,0,1,,,,Question style†,,
ST251Q02JA,How many of these items are there at your [home]: Mopeds or motorcycles,NUM,0,1,,,,Question style†,,
ST251Q03JA,How many of these items are there at your [home]: Rooms with a bath or shower,NUM,1,1,,,pupils in developed countries should have baths/showers,Question style†,,
ST251Q04JA,How many of these items are there at your [home]: Rooms with a [flush toilet],NUM,1,1,,,pupils in developed countries should have flush toilets,Question style†,,
ST251Q06JA,"How many of these items are there at your [home]: Musical instruments (e.g. guitar, piano, [country-specific example])",NUM,0,1,,,,Question style†,,
ST251Q07JA,"How many of these items are there at your [home]: Works of art (e.g. paintings, sculptures, [country-specific example])",NUM,1,1,,,pupils from lower income backgrounds should be less likely to own a significant amount of art and sculpture,Question style†,,
ST251D08JA,How many of these items are there at your home? <Country-specific item 1>,CHAR,0,1,,,,Question style†,,
ST251D09JA,How many of these items are there at your home? <Country-specific item 2>,CHAR,0,1,,,,Question style†,,
ST253Q01JA,How many [digital devices] with screens are there in your [home]?,NUM,0,1,,,,Question style†,,
ST254Q01JA,How many of the following [digital devices] are in your [home]: Televisions,NUM,0,1,,,,Question style†,,
ST254Q02JA,How many of the following [digital devices] are in your [home]: Desktop computers,NUM,0,1,,,,Question style†,,
ST254Q03JA,How many of the following [digital devices] are in your [home]: Laptop computers or notebooks,NUM,0,1,,,,Question style†,,
ST254Q04JA,"How many of the following [digital devices] are in your [home]: Tablets (e.g. [iPad®], [BlackBerry® Playbook™])",NUM,0,1,,,,Question style†,,
ST254Q05JA,"How many of the following [digital devices] are in your [home]: E-book readers (e.g. [Kindle™], [Kobo], [Bookeen])",NUM,0,1,,,,Question style†,,
ST254Q06JA,How many of the following [digital devices] are in your [home]: [Cell phones] with Internet access (i.e. smartphones),NUM,0,1,,,,Question style†,,
ST255Q01JA,How many books are there in your [home]?,NUM,0,1,,,,Question style†,,
ST256Q01JA,"How many of these books at [home]: Religious books (e.g. [Bible], [Example 2])",NUM,0,1,,,,Question style†,,
ST256Q02JA,"How many of these books at [home]: Classical literature (e.g. [Shakespeare], [Example 2])",NUM,0,1,,,,Question style†,,
ST256Q03JA,How many of these books at [home]: Contemporary literature,NUM,0,1,,,,Question style†,,
ST256Q06JA,How many of these books at [home]: Books on science,NUM,0,1,,,,Question style†,,
ST256Q07JA,"How many of these books at [home]: Books on art, music, or design",NUM,0,1,,,,Question style†,,
ST256Q08JA,How many of these books at [home]: [Technical reference books],NUM,0,1,,,,Question style†,,
ST256Q09JA,How many of these books at [home]: Dictionaries,NUM,0,1,,,,Question style†,,
ST256Q10JA,How many of these books at [home]: Books to help with your school work,NUM,0,1,,,,Question style†,,
ST230Q01JA,"How many siblings (including brothers, sisters, step-brothers, and step-sisters) do you have?",NUM,0,0,,,,,,
ST005Q01JA,What is the [highest level of schooling] completed by your mother?,NUM,1,0,ST006Q01JA,,,,,
ST006Q01JA,Does your mother have any of the following qualifications: [ISCED level 8],NUM,1,0,ST005Q01JA,mother cannot have phd if she didn't pass high school,,,,
ST006Q02JA,Does your mother have any of the following qualifications: [ISCED level 7],NUM,0,0,,,,,,
ST006Q03JA,Does your mother have any of the following qualifications: [ISCED level 6],NUM,0,0,,,,,,
ST006Q04JA,Does your mother have any of the following qualifications: [ISCED level 5],NUM,0,0,,,,,,
ST006Q05JA,Does your mother have any of the following qualifications: [ISCED level 4],NUM,0,0,,,,,,
ST007Q01JA,What is the [highest level of schooling] completed by your father?,NUM,1,0,ST008Q01JA,,,,,
ST008Q01JA,Does your father have any of the following qualifications: [ISCED level 8],NUM,1,0,ST007Q01JA,father cannot have a phd if he didn't pass high school,,,,
ST008Q02JA,Does your father have any of the following qualifications: [ISCED level 7],NUM,0,0,,,,,,
ST008Q03JA,Does your father have any of the following qualifications: [ISCED level 6],NUM,0,0,,,,,,
ST008Q04JA,Does your father have any of the following qualifications: [ISCED level 5],NUM,0,0,,,,,,
ST008Q05JA,Does your father have any of the following qualifications: [ISCED level 4],NUM,0,0,,,,,,
ST258Q01JA,"In the past 30 days, how often did you not eat because there was not enough money to buy food?",NUM,1,0,ST259Q01JA,"if pupils are skipping meals due to lack of money, they wouldn't then be claiming to be well off in the next question.",,,,
ST259Q01JA,Now think about where you would place your family on this scale. Where would you say your family stands at this time?,NUM,1,0,ST258Q01JA,,,,,
ST259Q02JA,Now think about where you would place your family on this scale. Where do you think you will stand when you are 30?,NUM,0,0,,,,,,
ST019AQ01T,In what country were you and your parents born? You,NUM,0,0,,,,,,
ST019BQ01T,In what country were you and your parents born? Mother,NUM,0,0,,,,,,
ST019CQ01T,In what country were you and your parents born? Father,NUM,0,0,,,,,,
ST021Q01TA,How old were you when you arrived in [country of test]? ,NUM,0,0,,,,,,
ST022Q01TA,What language do you speak at home most of the time?,NUM,0,0,,,,,,
ST226Q01JA,How long have you been enrolled at this school?,NUM,0,0,,,,,,
ST125Q01NA,How old were you when you started [ISCED 0]: Years,NUM,0,0,,,,,,
ST126Q01TA,How old were you when you started [ISCED 1]: Years,NUM,0,0,,,,,,
ST127Q01TA,Have you ever repeated a [grade]: At [ISCED 1],NUM,0,1,,,,Question style†,,
ST127Q02TA,Have you ever repeated a [grade]: At [ISCED 2],NUM,0,1,,,,Question style†,,
ST127Q03TA,Have you ever repeated a [grade]: At [ISCED 3],NUM,0,1,,,,Question style†,,
ST260Q01JA,Have you ever missed school for more than three months in a row: At [ISCED 1],NUM,0,1,,,,Question style†,,
ST260Q02JA,Have you ever missed school for more than three months in a row: At [ISCED 2],NUM,0,1,,,,Question style†,,
ST260Q03JA,Have you ever missed school for more than three months in a row: At [ISCED 3],NUM,0,1,,,,Question style†,,
ST261Q01JA,Why miss school for 3+ months: I was bored.,NUM,0,0,,,,,,
ST261Q02JA,"Why miss school for 3+ months: I was suspended for something (e.g. violence, aggression, use of drugs, drug dealing).",NUM,1,0,,,This answer may be given as a form of false bravado,,,
ST261Q03JA,Why miss school for 3+ months: I was pregnant.,NUM,1,0,,,Boys could claim to have missed school because of pregnancy,,,
ST261Q04JA,Why miss school for 3+ months: I could not reach school because of transportation problems.,NUM,0,0,,,,,,
ST261Q05JA,Why miss school for 3+ months: I had to take care of a family member.,NUM,0,0,,,,,,
ST261Q06JA,"Why miss school for 3+ months: I had to help with work at home, the family business, or on the family land.",NUM,0,0,,,,,,
ST261Q07JA,Why miss school for 3+ months: I had to get work to bring money home.,NUM,0,0,,,,,,
ST261Q08JA,Why miss school for 3+ months: I was sick.,NUM,0,0,,,,,,
ST261Q09JA,Why miss school for 3+ months: I did not feel safe at school.,NUM,0,0,,,,,,
ST261Q10JA,Why miss school for 3+ months: I could not pay [school fees].,NUM,1,0,,,Pupils who do not go to fee paying school may find it amusing to answer as if they do.,,,
ST261Q11JA,"Why miss school for 3+ months: School was closed because of a natural disaster (e.g. flood, earthquake).",NUM,0,1,,,,Pupils may incorrectly consider COVID a natural disaster when answering quickly.,,
ST062Q01TA,"In the last two full weeks of school, how often: I [skipped] a whole school day",NUM,0,1,,,,Question style†,,
ST062Q02TA,"In the last two full weeks of school, how often: I [skipped] some classes",NUM,0,1,,,,Question style†,,
ST062Q03TA,"In the last two full weeks of school, how often: I arrived late for school",NUM,0,1,,,,Question style†,,
ST267Q01JA,Agree/disagree: The teachers at my school are respectful towards me.,NUM,0,1,,,,Question style†,,
ST267Q02JA,"Agree/disagree: If I walked into my classes upset, my teachers would be concerned about me.",NUM,0,1,,,,Question style†,,
ST267Q03JA,"Agree/disagree: If I came back to visit my school 3 years from now, my teachers would be excited to see me.",NUM,0,1,,,,Question style†,,
ST267Q04JA,Agree/disagree: I feel intimidated by the teachers at my school.,NUM,0,1,,,,Question style†,,
ST267Q05JA,"Agree/disagree: When my teachers ask how I am doing, they are really interested in my answer.",NUM,0,1,,,,Question style†,,
ST267Q06JA,Agree/disagree: The teachers at my school are friendly towards me.,NUM,0,1,,,,Question style†,,
ST267Q07JA,Agree/disagree: The teachers at my school are interested in students' well-being.,NUM,0,1,,,,Question style†,,
ST267Q08JA,Agree/disagree: The teachers at my school are mean towards me.,NUM,0,1,,,,Question style†,,
ST034Q01TA,Agree/disagree:  I feel like an outsider (or left out of things) at school.,NUM,0,1,,,,Question style†,,
ST034Q02TA,Agree/disagree:  I make friends easily at school.,NUM,0,1,,,,Question style†,,
ST034Q03TA,Agree/disagree:  I feel like I belong at school.,NUM,0,1,,,,Question style†,,
ST034Q04TA,Agree/disagree:  I feel awkward and out of place in my school.,NUM,0,1,,,,Question style†,,
ST034Q05TA,Agree/disagree:  Other students seem to like me.,NUM,0,1,,,,Question style†,,
ST034Q06TA,Agree/disagree:  I feel lonely at school.,NUM,0,1,,,,Question style†,,
ST038Q03NA,"In past 12 months, how often: Other students left me out of things on purpose.",NUM,0,1,,,,Question style†,,
ST038Q04NA,"In past 12 months, how often: Other students made fun of me.",NUM,0,1,,,,Question style†,,
ST038Q05NA,"In past 12 months, how often: I was threatened by other students.",NUM,0,1,,,,Question style†,,
ST038Q06NA,"In past 12 months, how often: Other students took away or destroyed things that belonged to me.",NUM,0,1,,,,Question style†,,
ST038Q07NA,"In past 12 months, how often: I got hit or pushed around by other students.",NUM,0,1,,,,Question style†,,
ST038Q08NA,"In past 12 months, how often: Other students spread nasty rumours about me.",NUM,0,1,,,,Question style†,,
ST038Q09JA,"In past 12 months, how often: I was in a physical fight on school property.",NUM,0,1,,,,Question style†,,
ST038Q10JA,"In past 12 months, how often: I stayed home from school because I felt unsafe.",NUM,0,1,,,,Question style†,,
ST038Q11JA,"In past 12 months, how often: I gave money to someone at school because they threatened me.",NUM,0,1,,,,Question style†,,
ST265Q01JA,Agree/disagree: I feel safe on my way to school.,NUM,0,1,,,,Question style†,,
ST265Q02JA,Agree/disagree: I feel safe on my way home from school.,NUM,0,1,,,,Question style†,,
ST265Q03JA,Agree/disagree: I feel safe in my classrooms at school.,NUM,0,1,,,,Question style†,,
ST265Q04JA,"Agree/disagree: I feel safe at other places at school (e.g. hallway, cafeteria, restroom).",NUM,0,1,,,,Question style†,,
ST266Q01JA,Occur during past four weeks:  Our school was vandalised.,NUM,0,0,,,,,,
ST266Q02JA,Occur during past four weeks:  I witnessed a fight on school property in which someone got hurt.,NUM,0,0,,,,,,
ST266Q03JA,Occur during past four weeks:  I saw gangs in school.,NUM,0,0,,,,,,
ST266Q04JA,Occur during past four weeks:  I heard a student threaten to hurt another student.,NUM,0,0,,,,,,
ST266Q05JA,Occur during past four weeks:  I saw a student carrying a gun or knife at school.,NUM,0,0,,,,,,
ST294Q01JA,How many days/wk before school: Eat breakfast,NUM,0,1,,,,,,
ST294Q02JA,How many days/wk before school: Study for school or homework,NUM,0,1,,,,,,
ST294Q03JA,How many days/wk before school: Work in the household or take care of family members,NUM,0,1,,,,,,
ST294Q04JA,How many days/wk before school: Work for pay,NUM,0,1,,,,,,
ST294Q05JA,"How many days/wk before school: Exercise or practise a sport (e.g. running, cycling, aerobics, soccer, skating, [country-specific])",NUM,0,1,,,,,,
ST295Q01JA,How many days/wk after school: Eat dinner,NUM,1,1,ST258Q01JA,,Pupils claiming to have not eaten dinner in the developed world may be doing so because they think the question is silly without recognising the question gets asked to pupils everywhere in the world.,,,
ST295Q02JA,How many days/wk after school: Study for school or homework,NUM,0,1,,,,,,
ST295Q03JA,How many days/wk after school: Work in the household or take care of family members,NUM,0,1,,,,,,
ST295Q04JA,How many days/wk after school: Work for pay,NUM,0,1,,,,,,
ST295Q05JA,"How many days/wk after school: Exercise or practise a sport (e.g. running, cycling, aerobics, soccer, skating, [country-specific])",NUM,0,1,,,,,,
ST326Q01JA,"This school year, how many hours/day use [digital resources] for: For learning activities at school",NUM,0,2,,,,Question Style*,,
ST326Q02JA,"This school year, how many hours/day use [digital resources] for: For learning activities before and after school",NUM,0,2,,,,Question Style*,,
ST326Q03JA,"This school year, how many hours/day use [digital resources] for: For learning activities on weekends",NUM,0,2,,,,Question Style*,,
ST326Q04JA,"This school year, how many hours/day use [digital resources] for: For leisure at school",NUM,0,2,,,,Question Style*,,
ST326Q05JA,"This school year, how many hours/day use [digital resources] for: For leisure before and after school",NUM,0,2,,,,Question Style*,,
ST326Q06JA,"This school year, how many hours/day use [digital resources] for: For leisure on weekends",NUM,0,2,,,,Question Style*,,
ST326Q07JA,"This school year, how many hours/day use [digital resources] for: For learning activities at school",NUM,0,2,,,,Question Style*,,
ST326Q08JA,"This school year, how many hours/day use [digital resources] for: For learning activities before and after school",NUM,0,2,,,,Question Style*,,
ST326Q09JA,"This school year, how many hours/day use [digital resources] for: For learning activities on weekends",NUM,0,2,,,,Question Style*,,
ST326Q10JA,"This school year, how many hours/day use [digital resources] for: For leisure at school",NUM,0,2,,,,Question Style*,,
ST326Q11JA,"This school year, how many hours/day use [digital resources] for: For leisure before and after school",NUM,0,2,,,,Question Style*,,
ST326Q12JA,"This school year, how many hours/day use [digital resources] for: For leisure on weekends",NUM,0,2,,,,Question Style*,,
ST322Q01JA,How often: I turn off notifications from social networks and apps on my [digital devices] during class.,NUM,0,1,,,,Question style†,,
ST322Q02JA,How often: I turn off notifications from social networks and apps on my [digital devices] when I go to sleep.,NUM,0,1,,,,Question style†,,
ST322Q03JA,How often: I keep my [digital device] near me to answer messages when I am home.,NUM,0,1,,,,Question style†,,
ST322Q04JA,How often:  I have my [digital device] open in class so I can take notes or search for information.,NUM,0,1,,,,Question style†,,
ST322Q06JA,How often: I feel pressured to be online and answer messages when I am in class.,NUM,0,1,,,,Question style†,,
ST322Q07JA,How often:  I feel nervous/anxious when I don't have my [digital device] near me.,NUM,0,1,,,,Question style†,,
ST307Q01JA,Agree/disagree: I keep working on a task until it is finished.,NUM,0,1,,,,Question style†,,
ST307Q02JA,Agree/disagree: I apply additional effort when work becomes challenging.,NUM,0,1,,,,Question style†,,
ST307Q03JA,Agree/disagree: I finish tasks that I started even when they become boring.,NUM,0,1,,,,Question style†,,
ST307Q04JA,Agree/disagree: I stop when work becomes too difficult.,NUM,0,1,,,,Question style†,,
ST307Q05JA,Agree/disagree: I am more persistent than most people I know.,NUM,0,1,,,,Question style†,,
ST307Q06JA,Agree/disagree: I give up after making mistakes.,NUM,0,1,,,,Question style†,,
ST307Q07JA,Agree/disagree: I quit doing homework if it is too long.,NUM,0,1,,,,Question style†,,
ST307Q08JA,Agree/disagree: I complete tasks even when they become more difficult than I thought.,NUM,0,1,,,,Question style†,,
ST307Q09JA,Agree/disagree: I finish what I start.,NUM,0,1,,,,Question style†,,
ST307Q10JA,Agree/disagree: I give up easily.,NUM,0,1,,,,Question style†,,
ST309Q01JA,Agree/disagree: I am careful with what I say to others.,NUM,0,1,,,,Question style†,,
ST309Q02JA,Agree/disagree: I get easily distracted.,NUM,0,1,,,,Question style†,,
ST309Q03JA,Agree/disagree: I say the first thing that comes to my mind.,NUM,0,1,,,,Question style†,,
ST309Q04JA,Agree/disagree: I like to make sure there are no mistakes.,NUM,0,1,,,,Question style†,,
ST309Q05JA,Agree/disagree: I carefully check homework before turning it in.,NUM,0,1,,,,Question style†,,
ST309Q06JA,Agree/disagree: I stop to think before acting.,NUM,0,1,,,,Question style†,,
ST309Q07JA,Agree/disagree: I rush into activities without thinking.,NUM,0,1,,,,Question style†,,
ST309Q08JA,Agree/disagree: I wait for my turn to speak in class.,NUM,0,1,,,,Question style†,,
ST309Q09JA,Agree/disagree: I am more impulsive than most people I know.,NUM,0,1,,,,Question style†,,
ST309Q10JA,Agree/disagree: I think carefully before doing something.,NUM,0,1,,,,Question style†,,
ST301Q01JA,Agree/disagree: I am curious about many different things.,NUM,0,1,,,,Question style†,,
ST301Q02JA,Agree/disagree: I like to ask questions.,NUM,0,1,,,,Question style†,,
ST301Q03JA,Agree/disagree: I get frustrated when I have to learn the details of a topic.,NUM,0,1,,,,Question style†,,
ST301Q04JA,Agree/disagree: I like to know how things work.,NUM,0,1,,,,Question style†,,
ST301Q05JA,Agree/disagree: I love learning new things in school.,NUM,0,1,,,,Question style†,,
ST301Q06JA,Agree/disagree: I am more curious than most people I know.,NUM,0,1,,,,Question style†,,
ST301Q07JA,Agree/disagree: I like to develop hypotheses and check them based on what I observe.,NUM,0,1,,,,Question style†,,
ST301Q08JA,Agree/disagree: I find learning new things to be boring.,NUM,0,1,,,,Question style†,,
ST301Q09JA,Agree/disagree: I spend time to find more information about things that interest me.,NUM,0,1,,,,Question style†,,
ST301Q10JA,Agree/disagree: I like learning new things.,NUM,0,1,,,,Question style†,,
ST343Q01JA,Agree/disagree: I like to help others.,NUM,0,1,,,,Question style†,,
ST343Q02JA,Agree/disagree: I get annoyed when I have to compromise with others.,NUM,0,1,,,,Question style†,,
ST343Q03JA,Agree/disagree: I work well with other people.,NUM,0,1,,,,Question style†,,
ST343Q04JA,Agree/disagree: I start arguments with others.,NUM,0,1,,,,Question style†,,
ST343Q05JA,Agree/disagree: I avoid working together with other students.,NUM,0,1,,,,Question style†,,
ST343Q06JA,Agree/disagree: I am ready to help anybody.,NUM,0,1,,,,Question style†,,
ST343Q07JA,Agree/disagree: I tend to be selfish.,NUM,0,1,,,,Question style†,,
ST343Q08JA,Agree/disagree: I work better when I am part of a team.,NUM,0,1,,,,Question style†,,
ST343Q09JA,Agree/disagree: I enjoy cooperating with my classmates.,NUM,0,1,,,,Question style†,,
ST343Q10JA,Agree/disagree: I argue a lot.,NUM,0,1,,,,Question style†,,
ST311Q01JA,Agree/disagree: I do not care what happens to other people.,NUM,0,1,,,,Question style†,,
ST311Q02JA,Agree/disagree: I can sense how others feel.,NUM,0,1,,,,Question style†,,
ST311Q03JA,Agree/disagree: It is important to me that my friends are okay.,NUM,0,1,,,,Question style†,,
ST311Q04JA,Agree/disagree: I can see situations from my friends' perspectives.,NUM,0,1,,,,Question style†,,
ST311Q05JA,Agree/disagree: I ignore the feelings of others.,NUM,0,1,,,,Question style†,,
ST311Q06JA,Agree/disagree: I am more compassionate than most people I know.,NUM,0,1,,,,Question style†,,
ST311Q07JA,Agree/disagree: It is difficult for me to sense what others think.,NUM,0,1,,,,Question style†,,
ST311Q08JA,Agree/disagree: I predict the needs of others.,NUM,0,1,,,,Question style†,,
ST311Q09JA,Agree/disagree: I get upset if bad things happen to other people.,NUM,0,1,,,,Question style†,,
ST311Q10JA,Agree/disagree: I understand what others want.,NUM,0,1,,,,Question style†,,
ST315Q01JA,Agree/disagree: I am suspicious of others' intentions.,NUM,0,1,,,,Question style†,,
ST315Q02JA,Agree/disagree: I think most of my classmates keep their promises.,NUM,0,1,,,,Question style†,,
ST315Q03JA,Agree/disagree: I believe that most people are honest.,NUM,0,1,,,,Question style†,,
ST315Q04JA,Agree/disagree: I believe that my friends can keep my secrets.,NUM,0,1,,,,Question style†,,
ST315Q05JA,Agree/disagree: I think most people are selfish.,NUM,0,1,,,,Question style†,,
ST315Q06JA,Agree/disagree: I trust what people say.,NUM,0,1,,,,Question style†,,
ST315Q07JA,Agree/disagree: I think others will try to harm me.,NUM,0,1,,,,Question style†,,
ST315Q08JA,Agree/disagree: I am more trusting with others than most people I know.,NUM,0,1,,,,Question style†,,
ST315Q09JA,Agree/disagree: I believe most people are kind.,NUM,0,1,,,,Question style†,,
ST315Q10JA,Agree/disagree: I am willing to forgive those who have done wrong.,NUM,0,1,,,,Question style†,,
ST303Q01JA,Agree/disagree: I try to consider everybody's perspective before I take a position.,NUM,0,1,,,,Question style†,,
ST303Q02JA,Agree/disagree: I want to understand my classmates' ways of thinking.,NUM,0,1,,,,Question style†,,
ST303Q03JA,Agree/disagree: I can view almost all things from different angles.,NUM,0,1,,,,Question style†,,
ST303Q04JA,Agree/disagree: I imagine how I would feel if I were in somebody else's place.,NUM,0,1,,,,Question style†,,
ST303Q05JA,Agree/disagree: I think there is only one correct position in a disagreement.,NUM,0,1,,,,Question style†,,
ST303Q06JA,Agree/disagree: I want to understand why people behave the way they do.,NUM,0,1,,,,Question style†,,
ST303Q07JA,Agree/disagree: I find it difficult to anticipate what other people think.,NUM,0,1,,,,Question style†,,
ST303Q08JA,Agree/disagree: I try to envision how things look from my friends' points of view.,NUM,0,1,,,,Question style†,,
ST305Q01JA,Agree/disagree: I am comfortable with taking the lead role in a group.,NUM,0,1,,,,Question style†,,
ST305Q02JA,Agree/disagree: I know how to convince others to do what I want.,NUM,0,1,,,,Question style†,,
ST305Q03JA,Agree/disagree: I enjoy leading others.,NUM,0,1,,,,Question style†,,
ST305Q04JA,Agree/disagree: I keep my opinion to myself in group discussions.,NUM,0,1,,,,Question style†,,
ST305Q05JA,Agree/disagree: I speak up to others about things that matter to me.,NUM,0,1,,,,Question style†,,
ST305Q06JA,Agree/disagree: I take initiative when working with my classmates.,NUM,0,1,,,,Question style†,,
ST305Q07JA,Agree/disagree: I wait for others to take a lead.,NUM,0,1,,,,Question style†,,
ST305Q08JA,Agree/disagree: I find it hard to influence people.,NUM,0,1,,,,Question style†,,
ST305Q09JA,Agree/disagree: I want to be in charge.,NUM,0,1,,,,Question style†,,
ST305Q10JA,Agree/disagree: I like to be a leader in my class.,NUM,0,1,,,,Question style†,,
ST345Q01JA,Agree/disagree: I get nervous easily.,NUM,0,1,,,,Question style†,,
ST345Q02JA,Agree/disagree: I am more relaxed than most people I know.,NUM,0,1,,,,Question style†,,
ST345Q03JA,Agree/disagree: I worry about many things.,NUM,0,1,,,,Question style†,,
ST345Q04JA,Agree/disagree: I panic easily.,NUM,0,1,,,,Question style†,,
ST345Q05JA,Agree/disagree: I am able to work under pressure.,NUM,0,1,,,,Question style†,,
ST345Q06JA,Agree/disagree: I remain calm under stress.,NUM,0,1,,,,Question style†,,
ST345Q07JA,Agree/disagree: I feel nervous about approaching exams.,NUM,0,1,,,,Question style†,,
ST345Q08JA,Agree/disagree: I can recover quickly after something bad has happened.,NUM,0,1,,,,Question style†,,
ST345Q09JA,Agree/disagree: I handle stress well.,NUM,0,1,,,,Question style†,,
ST345Q10JA,Agree/disagree: I am afraid of many things.,NUM,0,1,,,,Question style†,,
ST313Q01JA,Agree/disagree: I keep my emotions under control.,NUM,0,1,,,,Question style†,,
ST313Q02JA,Agree/disagree: I get mad easily.,NUM,0,1,,,,Question style†,,
ST313Q03JA,Agree/disagree: I change my mood a lot.,NUM,0,1,,,,Question style†,,
ST313Q04JA,Agree/disagree: I overreact to every little thing in life.,NUM,0,1,,,,Question style†,,
ST313Q05JA,Agree/disagree: I stay calm even in tense situations.,NUM,0,1,,,,Question style†,,
ST313Q06JA,Agree/disagree: I am easily upset.,NUM,0,1,,,,Question style†,,
ST313Q07JA,Agree/disagree: I know how to control my feelings.,NUM,0,1,,,,Question style†,,
ST313Q08JA,Agree/disagree: I have unpredictable emotions.,NUM,0,1,,,,Question style†,,
ST313Q09JA,Agree/disagree: I am moody.,NUM,0,1,,,,Question style†,,
ST313Q10JA,Agree/disagree: I get frustrated quickly.,NUM,0,1,,,,Question style†,,
ST263Q02JA,Agree/disagree: Your intelligence is something about you that you cannot change very much.,NUM,0,1,,,,Question style†,,
ST263Q04JA,"Agree/disagree: Some people are just not good at mathematics, no matter how hard they study.",NUM,0,1,,,,Question style†,,
ST263Q06JA,"Agree/disagree: Some people are just not good in [test language], no matter how hard they study.",NUM,0,1,,,,Question style†,,
ST263Q08JA,Agree/disagree: Your creativity is something about you that you cannot change very much.,NUM,0,1,,,,Question style†,,
ST016Q01NA,"Overall, how satisfied are you with your life as a whole these days?",NUM,1,1,,,Pupils may find it amusing to put extreme answers of 0 or 10,Pupils may leave the slider bar on the default setting.,,
ST059Q01TA,Number of [class periods] per week in mathematics,NUM,0,0,,,,,,
ST059Q02JA,"Total number of [class periods] per week for all subjects, including mathematics",NUM,0,0,,,,,,
ST296Q01JA,How much time spent on homework in: Mathematics homework,NUM,0,1,,,,Question style†,,
ST296Q02JA,How much time spent on homework in: [Test language] homework,NUM,0,1,,,,Question style†,,
ST296Q03JA,How much time spent on homework in: [Science] homework,NUM,0,1,,,,Question style†,,
ST296Q04JA,"How much time spent on homework in: Total time for all homework in all subjects, including subjects not listed above",NUM,0,1,,,,Question style†,,
ST272Q01JA,"On 1-10 scale, rate quality of mathematics instruction this school year? Quality of mathematics instruction?",NUM,1,0,,,Pupils may find it amusing to claim their school has extremes of maths instruction good or bad.,,,
ST273Q01JA,How often: Students do not listen to what the teacher said.,NUM,0,1,,,,Question style†,,
ST273Q02JA,How often: There is noise and disorder.,NUM,0,1,,,,Question style†,,
ST273Q03JA,How often: The teacher has to wait a long time for students to quiet down.,NUM,0,1,,,,Question style†,,
ST273Q04JA,How often: Students cannot work well.,NUM,0,1,,,,Question style†,,
ST273Q05JA,How often: Students do not start working for a long time after the lesson begins.,NUM,0,1,,,,Question style†,,
ST273Q06JA,"How often: Students get distracted by using [digital resources] (e.g. smartphones, websites, apps).",NUM,0,1,,,,Question style†,,
ST273Q07JA,"How often: Students get distracted by other students who are using [digital resources] (e.g. smartphones, websites, apps).",NUM,0,1,,,,Question style†,,
ST270Q01JA,How often: The teacher shows an interest in every student's learning.,NUM,0,1,,,,Question style†,,
ST270Q02JA,How often: The teacher gives extra help when students need it.,NUM,0,1,,,,Question style†,,
ST270Q03JA,How often: The teacher helps students with their learning.,NUM,0,1,,,,Question style†,,
ST270Q04JA,How often: The teacher continues teaching until the students understand.,NUM,0,1,,,,Question style†,,
ST285Q01JA,How often: The teacher asked us to solve mathematics problems without computing anything.,NUM,0,1,,,,Question style†,,
ST285Q02JA,How often: The teacher asked us to explain how we solved a mathematics problem.,NUM,0,1,,,,Question style†,,
ST285Q03JA,How often: The teacher asked us to explain what assumptions we were making when solving a mathematics problem.,NUM,0,1,,,,Question style†,,
ST285Q04JA,How often: The teacher asked us to explain our reasoning when solving a mathematics problem.,NUM,0,1,,,,Question style†,,
ST285Q05JA,How often: The teacher asked us to defend our answer to a mathematics problem.,NUM,0,1,,,,Question style†,,
ST285Q06JA,How often: The teacher asked us to think about how new and old mathematics topics were related.,NUM,0,1,,,,Question style†,,
ST285Q07JA,How often: The teacher encouraged us to think about how to solve mathematics problems in different ways than demonstrated in class.,NUM,0,1,,,,Question style†,,
ST285Q08JA,How often: The teacher told us to keep trying even when we face difficulties with a mathematics task.,NUM,0,1,,,,Question style†,,
ST285Q09JA,How often: The teacher taught us to memorize rules and apply them to solve mathematics problems.,NUM,0,1,,,,Question style†,,
ST283Q01JA,How often: The teacher asked us to think of problems from everyday life that could be solved with new mathematics knowledge we learned.,NUM,0,1,,,,Question style†,,
ST283Q02JA,How often: The teacher showed us how mathematics can be useful in our everyday lives.,NUM,0,1,,,,Question style†,,
ST283Q03JA,How often: The teacher encouraged us to 'think mathematically'.,NUM,0,1,,,,Question style†,,
ST283Q04JA,How often: The teacher taught us how to use mathematical logic when approaching new situations.,NUM,0,1,,,,Question style†,,
ST283Q05JA,How often: The teacher showed us how some problems that look difficult can be solved more easily by understanding how the number system is organized.,NUM,0,1,,,,Question style†,,
ST283Q06JA,How often: The teacher gave problems from everyday life involving numbers and asked us to make a decision about the situation.,NUM,0,1,,,,Question style†,,
ST283Q07JA,How often: The teacher asked us how different topics are connected to a bigger mathematical idea.,NUM,0,1,,,,Question style†,,
ST283Q08JA,How often: The teacher encouraged us to think about how a problem from everyday life could be solved using mathematics.,NUM,0,1,,,,Question style†,,
ST283Q09JA,How often: The teacher explained how different mathematical ideas connect to a larger context.,NUM,0,1,,,,Question style†,,
ST275Q01WA,How often at school: Working out from a [train timetable] how long it would take to get from one place to another,NUM,0,1,,,,Question style†,,
ST275Q02WA,How often at school: Calculating how much more expensive a computer would be after adding tax,NUM,0,1,,,,Question style†,,
ST275Q03WA,How often at school: Calculating how many square metres of tiles you need to cover a floor,NUM,0,1,,,,Question style†,,
ST275Q04WA,How often at school: Understanding scientific tables presented in an article,NUM,0,1,,,,Question style†,,
ST275Q05WA,How often at school: Solving an equation like 6x[sup]2[/sup]+5 = 29,NUM,0,1,,,,Question style†,,
ST275Q06WA,"How often at school: Finding the actual distance between two places on a map with a 1?10,000 scale",NUM,0,1,,,,Question style†,,
ST275Q07WA,How often at school: Solving an equation like 2(x+3) = (x+3)(x-3),NUM,0,1,,,,Question style†,,
ST275Q08WA,How often at school: Calculating the power consumption of an electronic appliance per week,NUM,0,1,,,,Question style†,,
ST275Q09WA,How often at school: Solving an equation like 3x+5=17,NUM,0,1,,,,Question style†,,
ST276Q01JA,"How often at school: Extracting mathematical information from diagrams, graphs, or simulations",NUM,0,1,,,,Question style†,,
ST276Q02JA,How often at school: Interpreting mathematical solutions in the context of a real-life challenge,NUM,0,1,,,,Question style†,,
ST276Q03JA,How often at school: Using the concept of statistical variation to make a decision,NUM,0,1,,,,Question style†,,
ST276Q04JA,How often at school: Identifying mathematical aspects of a real-world problem,NUM,0,1,,,,Question style†,,
ST276Q05JA,How often at school: Identifying constraints and assumptions behind mathematical modelling,NUM,0,1,,,,Question style†,,
ST276Q06JA,"How often at school: Representing a situation mathematically using variables, symbols, or diagrams",NUM,0,1,,,,Question style†,,
ST276Q07JA,How often at school: Evaluating the significance of observed patterns in data,NUM,0,1,,,,Question style†,,
ST276Q08JA,How often at school: Coding/programming computers,NUM,0,1,,,,Question style†,,
ST276Q09JA,"How often at school: Working with computer mathematics systems (e.g. spreadsheets, programming software, graphing calculators)",NUM,0,1,,,,Question style†,,
ST276Q10JA,How often at school: Calculating the properties of an irregularly shaped object,NUM,0,1,,,,Question style†,,
ST268Q01JA,Agree/disagree: Mathematics is one of my favourite subjects.,NUM,0,1,,,,Question style†,,
ST268Q02JA,Agree/disagree: [Test language] is one of my favourite subjects.,NUM,0,1,,,,Question style†,,
ST268Q03JA,Agree/disagree: [Science] is one of my favourite subjects.,NUM,0,1,,,,Question style†,,
ST268Q04JA,Agree/disagree: Mathematics is easy for me.,NUM,0,1,,,,Question style†,,
ST268Q05JA,Agree/disagree: [Test language] is easy for me.,NUM,0,1,,,,Question style†,,
ST268Q06JA,Agree/disagree: [Science] is easy for me.,NUM,0,1,,,,Question style†,,
ST268Q07JA,Agree/disagree: I want to do well in my mathematics class.,NUM,0,1,,,,Question style†,,
ST268Q08JA,Agree/disagree: I want to do well in my [test language] class.,NUM,0,1,,,,Question style†,,
ST268Q09JA,Agree/disagree: I want to do well in my [science] class.,NUM,0,1,,,,Question style†,,
ST290Q01WA,How confident in math tasks: Working out from a [train timetable] how long it would take to get from one place to another,NUM,0,1,,,,Question style†,,
ST290Q02WA,How confident in math tasks: Calculating how much more expensive a computer would be after adding tax,NUM,0,1,,,,Question style†,,
ST290Q03WA,How confident in math tasks: Calculating how many square metres of tiles you need to cover a floor,NUM,0,1,,,,Question style†,,
ST290Q04WA,How confident in math tasks: Understanding scientific tables presented in an article,NUM,0,1,,,,Question style†,,
ST290Q05WA,How confident in math tasks: Solving an equation like 6x[sup]2[/sup]+5=29,NUM,0,1,,,,Question style†,,
ST290Q06WA,"How confident in math tasks: Finding the actual distance between two places on a map with a 1?10,000 scale",NUM,0,1,,,,Question style†,,
ST290Q07WA,How confident in math tasks: Solving an equation like 2(x+3) = (x+3)(x-3),NUM,0,1,,,,Question style†,,
ST290Q08WA,How confident in math tasks: Calculating the power consumption of an electronic appliance per week,NUM,0,1,,,,Question style†,,
ST290Q09WA,How confident in math tasks: Solving an equation like 3x+5=17,NUM,0,1,,,,Question style†,,
ST291Q01JA,"How confident in math tasks: Extracting mathematical information from diagrams, graphs, or simulations",NUM,0,1,,,,Question style†,,
ST291Q02JA,How confident in math tasks: Interpreting mathematical solutions in the context of a real-life challenge,NUM,0,1,,,,Question style†,,
ST291Q03JA,How confident in math tasks: Using the concept of statistical variation to make a decision,NUM,0,1,,,,Question style†,,
ST291Q04JA,How confident in math tasks: Identifying mathematical aspects of a real-world problem,NUM,0,1,,,,Question style†,,
ST291Q05JA,How confident in math tasks: Identifying constraints and assumptions behind mathematical modelling,NUM,0,1,,,,Question style†,,
ST291Q06JA,"How confident in math tasks: Representing a situation mathematically using variables, symbols, or diagrams",NUM,0,1,,,,Question style†,,
ST291Q07JA,How confident in math tasks: Evaluating the significance of observed patterns in data,NUM,0,1,,,,Question style†,,
ST291Q08JA,How confident in math tasks: Coding/programming computers,NUM,0,1,,,,Question style†,,
ST291Q09JA,"How confident in math tasks: Working with computer mathematics systems (e.g. spreadsheets, programming software, graphing calculators)",NUM,0,1,,,,Question style†,,
ST291Q10JA,How confident in math tasks: Calculating the properties of an irregularly shaped object,NUM,0,1,,,,Question style†,,
ST289Q01WA,How familiar are you with the following mathematical terms: Divisor,NUM,0,1,,,,Question style†,,
ST289Q02JA,How familiar are you with the following mathematical terms: Area of a circle,NUM,0,1,,,,Question style†,,
ST289Q03WA,How familiar are you with the following mathematical terms: [Subjunctive scaling],NUM,0,1,,,,Question style†,,
ST289Q04JA,How familiar are you with the following mathematical terms: Congruent figures,NUM,0,1,,,,Question style†,,
ST289Q05WA,How familiar are you with the following mathematical terms: Linear equation,NUM,0,1,,,,Question style†,,
ST289Q06JA,How familiar are you with the following mathematical terms: Pythagorean theorem,NUM,0,1,,,,Question style†,,
ST289Q07JA,How familiar are you with the following mathematical terms: Linear inequalities,NUM,0,1,,,,Question style†,,
ST289Q08WA,How familiar are you with the following mathematical terms: Complex number,NUM,0,1,,,,Question style†,,
ST289Q09WA,How familiar are you with the following mathematical terms: Exponential function,NUM,0,1,,,,Question style†,,
ST289Q10WA,How familiar are you with the following mathematical terms: Probability,NUM,0,1,,,,Question style†,,
ST289Q11WA,How familiar are you with the following mathematical terms: [Declarative fraction],NUM,0,1,,,,Question style†,,
ST289Q14JA,How familiar are you with the following mathematical terms: 3-dimensional geometry,NUM,0,1,,,,Question style†,,
ST293Q01JA,"This school year, how often: I actively participated in group discussions during mathematics class.",NUM,0,1,This grouping is all on one page and contains both positive and negative phrased questions,,,Question style†,,
ST293Q02JA,"This school year, how often: I paid attention when my mathematics teacher was speaking.",NUM,0,1,,,,Question style†,,
ST293Q03JA,"This school year, how often: I put effort into my assignments for mathematics class.",NUM,0,1,,,,Question style†,,
ST293Q04JA,"This school year, how often: I gave up when I did not understand the mathematics material that was being taught.",NUM,0,1,,,,Question style†,,
ST293Q05JA,"This school year, how often: I made time to learn the material for mathematics class.",NUM,0,1,,,,Question style†,,
ST293Q06JA,"This school year, how often: I asked questions when I did not understand the mathematics material that was being taught.",NUM,0,1,,,,Question style†,,
ST293Q07JA,"This school year, how often: I lost interest during mathematics lessons.",NUM,0,1,,,,Question style†,,
ST293Q08JA,"This school year, how often:  I tried to connect new material to what I have learned in previous mathematics lessons.",NUM,0,1,,,,Question style†,,
ST293Q09JA,"This school year, how often: I started my work on mathematics assignments right away.",NUM,0,1,,,,Question style†,,
ST292Q01JA,Agree/disagree: I often worry that it will be difficult for me in mathematics classes.,NUM,0,1,,,,Question style†,,
ST292Q02JA,Agree/disagree: I get very tense when I have to do mathematics homework.,NUM,0,1,,,,Question style†,,
ST292Q03JA,Agree/disagree: I get very nervous doing mathematics problems.,NUM,0,1,,,,Question style†,,
ST292Q04JA,Agree/disagree: I feel helpless when doing a mathematics problem.,NUM,0,1,,,,Question style†,,
ST292Q05JA,Agree/disagree: I worry that I will get poor [marks] in mathematics.,NUM,0,1,,,,Question style†,,
ST292Q06JA,Agree/disagree: I feel anxious about failing in mathematics.,NUM,0,1,,,,Question style†,,
ST297Q01JA,[Additional math instruction] received: One-on-one tutoring with a person,NUM,0,0,,,,,,
ST297Q03JA,[Additional math instruction] received: Internet or computer tutoring with a programme or application,NUM,0,0,,,,,,
ST297Q05JA,[Additional math instruction] received: Video-recorded instruction by a person,NUM,0,0,,,,,,
ST297Q06JA,[Additional math instruction] received: Small group study or practice (2 to 7 students),NUM,0,0,,,,,,
ST297Q07JA,[Additional math instruction] received: Large group study or practice (8 or more students),NUM,0,0,,,,,,
ST297Q09JA,[Additional math instruction] received: I do not participate in [additional mathematics instruction],NUM,0,0,,,,,,
ST334Q01JA,How confident about doing: Coming up with creative ideas for school projects,NUM,0,1,,,,Question style†,,
ST334Q02JA,How confident about doing: Being creative,NUM,0,1,,,,Question style†,,
ST334Q03JA,How confident about doing: Telling creative stories,NUM,0,1,,,,Question style†,,
ST334Q04JA,How confident about doing: Expressing your ideas creatively,NUM,0,1,,,,Question style†,,
ST334Q05JA,How confident about doing: Making creative drawings,NUM,0,1,,,,Question style†,,
ST334Q06JA,How confident about doing: Thinking of many good ideas for science experiments,NUM,0,1,,,,Question style†,,
ST334Q07JA,How confident about doing: Inventing new things,NUM,0,1,,,,Question style†,,
ST334Q08JA,How confident about doing: Thinking of many ideas for solving disagreements with people,NUM,0,1,,,,Question style†,,
ST334Q09JA,How confident about doing: Addressing social problems like pollution,NUM,0,1,,,,Question style†,,
ST334Q10JA,How confident about doing: Coming up with many good ideas for helping people in need,NUM,0,1,,,,Question style†,,
ST335Q01JA,Agree/disagree: My teachers give me enough time to come up with creative solutions on assignments.,NUM,0,1,,,,Question style†,,
ST335Q02JA,Agree/disagree: My teachers value students' creativity.,NUM,0,1,,,,Question style†,,
ST335Q03JA,Agree/disagree: The activities we do in my classes help me think about new ways to solve problems.,NUM,0,1,,,,Question style†,,
ST335Q05JA,Agree/disagree: My mathematics assignments require me to come up with different solutions for a problem.,NUM,0,1,,,,Question style†,,
ST335Q06JA,Agree/disagree: My teachers encourage me to come up with original answers.,NUM,0,1,,,,Question style†,,
ST335Q07JA,"Agree/disagree: At school, I am given a chance to express my ideas.",NUM,0,1,,,,Question style†,,
ST336Q01JA,Agree/disagree: My friends are open to new ideas.,NUM,0,1,,,,Question style†,,
ST336Q03JA,Agree/disagree: My friends and I give one another feedback about our ideas.,NUM,0,1,,,,Question style†,,
ST336Q04JA,Agree/disagree: My friends and I encourage each other to come up with new ideas.,NUM,0,1,,,,Question style†,,
ST336Q05JA,Agree/disagree: My family encourages me to try new things.,NUM,0,1,,,,Question style†,,
ST336Q06JA,"Agree/disagree: At home, I am encouraged to use my imagination.",NUM,0,1,,,,Question style†,,
ST336Q07JA,Agree/disagree: Discussions I have at home help me come up with new ideas.,NUM,0,1,,,,Question style†,,
ST337Q01JA,"In your school, how often participate in: Art classes/activities (e.g. painting, drawing)",NUM,0,1,,,,Question style†,,
ST337Q02JA,"In your school, how often participate in: Creative writing classes/activities",NUM,0,1,,,,Question style†,,
ST337Q03JA,"In your school, how often participate in: Music classes/activities (e.g. chorus, band)",NUM,0,1,,,,Question style†,,
ST337Q04JA,"In your school, how often participate in: Debate [club]",NUM,0,1,,,,Question style†,,
ST337Q05JA,"In your school, how often participate in: Dramatics, theatre class/activities",NUM,0,1,,,,Question style†,,
ST337Q06JA,"In your school, how often participate in: Publications (e.g. newspaper, [yearbooks], literary magazine)",NUM,0,1,,,,Question style†,,
ST337Q07JA,"In your school, how often participate in: Science [club]",NUM,0,1,,,,Question style†,,
ST337Q08JA,"In your school, how often participate in: Computer programming classes/activities",NUM,0,1,,,,Question style†,,
ST338Q01JA,"Out of school, how often participate in: Art classes/activities (e.g. painting, drawing)",NUM,0,1,,,,Question style†,,
ST338Q02JA,"Out of school, how often participate in: Creative writing classes/activities",NUM,0,1,,,,Question style†,,
ST338Q03JA,"Out of school, how often participate in: Music classes/activities (e.g. chorus, band)",NUM,0,1,,,,Question style†,,
ST338Q04JA,"Out of school, how often participate in: Debate [club]",NUM,0,1,,,,Question style†,,
ST338Q05JA,"Out of school, how often participate in: Dramatics, theatre class/activities",NUM,0,1,,,,Question style†,,
ST338Q06JA,"Out of school, how often participate in: Publications (e.g. newspaper, [yearbooks], literary magazine)",NUM,0,1,,,,Question style†,,
ST338Q07JA,"Out of school, how often participate in: Science [club]",NUM,0,1,,,,Question style†,,
ST338Q08JA,"Out of school, how often participate in: Computer programming classes/activities",NUM,0,1,,,,Question style†,,
ST339Q04JA,"Agree/disagree: Creativity can only be expressed through the arts (e.g. drawing, music, or writing).",NUM,0,0,,,,Question style†,,
ST339Q06JA,Agree/disagree: It is possible to be creative in nearly any subject.,NUM,0,0,,,,Question style†,,
ST340Q01JA,Agree/disagree: Doing something creative satisfies me.,NUM,0,1,,,,Question style†,,
ST340Q02JA,Agree/disagree: I am very creative.,NUM,0,1,,,,Question style†,,
ST340Q03JA,Agree/disagree: I like creating stories.,NUM,0,1,,,,Question style†,,
ST340Q04JA,Agree/disagree: I like games that challenge my creativity.,NUM,0,1,,,,Question style†,,
ST340Q05JA,Agree/disagree: I enjoy projects that require creative solutions.,NUM,0,1,,,,Question style†,,
ST340Q06JA,Agree/disagree: I enjoy thinking about new ways to solve problems.,NUM,0,1,,,,Question style†,,
ST340Q07JA,Agree/disagree: I enjoy solving complex problems.,NUM,0,1,,,,Question style†,,
ST340Q08JA,Agree/disagree: I like school work that is challenging.,NUM,0,1,,,,Question style†,,
ST340Q09JA,Agree/disagree: I can suggest several solutions to problems.,NUM,0,1,,,,Question style†,,
ST340Q10JA,Agree/disagree: I enjoy learning new things.,NUM,0,1,,,,Question style†,,
ST341Q01JA,Agree/disagree: I enjoy creating art.,NUM,0,1,,,,Question style†,,
ST341Q02JA,Agree/disagree: I enjoy artistic activities.,NUM,0,1,,,,Question style†,,
ST341Q03JA,Agree/disagree: I express myself through art.,NUM,0,1,,,,Question style†,,
ST341Q04JA,Agree/disagree: I reflect on movies I watch.,NUM,0,1,,,,Question style†,,
ST341Q05JA,Agree/disagree: I see beauty in everyday things.,NUM,0,1,,,,Question style†,,
ST342Q01JA,Agree/disagree: I have difficulty using my imagination.,NUM,0,1,,,,Question style†,,
ST342Q02JA,Agree/disagree: I often get lost in thought.,NUM,0,1,,,,Question style†,,
ST342Q03JA,Agree/disagree: Coming up with new ideas is satisfying to me.,NUM,0,1,,,,Question style†,,
ST342Q04JA,Agree/disagree: I have a good imagination.,NUM,0,1,,,,Question style†,,
ST342Q06JA,Agree/disagree: I would get bored doing the same thing every day.,NUM,0,1,,,,Question style†,,
ST342Q07JA,Agree/disagree: I like to be spontaneous.,NUM,0,1,,,,Question style†,,
ST342Q08JA,Agree/disagree: I would like to travel to places I have never been.,NUM,0,1,,,,Question style†,,
ST300Q01JA,How often parents/family member: Discuss how well you are doing at school.,NUM,0,1,,,,Question style†,,
ST300Q02JA,How often parents/family member: Eat [the main meal] with you.,NUM,1,1,ST259Q01JA,How would family members be eating the main meal if the pupil has already said they didn't have enough money for food?,,Question style†,,
ST300Q03JA,How often parents/family member: Spend time just talking with you.,NUM,0,1,,,,Question style†,,
ST300Q04JA,How often parents/family member: Talk to you about the importance of [completing ISCED 3].,NUM,0,1,,,,Question style†,,
ST300Q05JA,How often: parents/family member: Talk to you about any problems you might have at school.,NUM,0,1,,,,Question style†,,
ST300Q06JA,How often parents/family member: Ask you about how well you are getting along with other students at school.,NUM,0,1,,,,Question style†,,
ST300Q07JA,How often parents/family member: Encourage you to get good [marks].,NUM,0,1,,,,Question style†,,
ST300Q08JA,How often parents/family member: Take an interest in what you are learning at school.,NUM,0,1,,,,Question style†,,
ST300Q09JA,How often parents/family member: Talk to you about your future education.,NUM,0,1,,,,Question style†,,
ST300Q10JA,How often parents/family member: Ask you what you did in school that day.,NUM,0,1,,,,Question style†,,
ST327Q01JA,Which of the following qualifications do you expect to complete: [ISCED level 2],NUM,0,0,,,,,,
ST327Q02JA,Which of the following qualifications do you expect to complete: [ISCED level 3.3],NUM,1,0,ST327Q08JA,,,,,
ST327Q03JA,Which of the following qualifications do you expect to complete: [ISCED level 3.4],NUM,0,0,,,,,,
ST327Q04JA,Which of the following qualifications do you expect to complete: [ISCED level 4],NUM,0,0,,,,,,
ST327Q05JA,Which of the following qualifications do you expect to complete: [ISCED level 5],NUM,0,0,,,,,,
ST327Q06JA,Which of the following qualifications do you expect to complete: [ISCED level 6],NUM,1,0,ST327Q08JA,,,,,
ST327Q07JA,Which of the following qualifications do you expect to complete: [ISCED level 7],NUM,0,0,,,,,,
ST327Q08JA,Which of the following qualifications do you expect to complete: [ISCED level 8],NUM,1,0,ST327Q02JA,,Pupils answering that they don't expect to get a bachelors degree but do expect a phd could just be answering in a humeorus way. Likewise pupils who are opting to go down the vocational pathway ISCED 3.3 and expecting a phd are also probably just answering in an amusing way.,,,
ST330Q01WA,"To learn about future study/work, have you: I did an internship.",NUM,0,0,,,,,,
ST330Q02WA,"To learn about future study/work, have you: I attended [job shadowing or work-site visits].",NUM,0,0,,,,,,
ST330Q03WA,"To learn about future study/work, have you: I visited a [job fair].",NUM,0,0,,,,,,
ST330Q04WA,"To learn about future study/work, have you: I spoke to a [career advisor] at my school.",NUM,0,0,,,,,,
ST330Q05WA,"To learn about future study/work, have you: I spoke to a [career advisor] outside of my school.",NUM,0,0,,,,,,
ST330Q06WA,"To learn about future study/work, have you: I completed a questionnaire to find out about my interests and abilities.",NUM,0,0,,,,,,
ST330Q07WA,"To learn about future study/work, have you: I researched the internet for information about careers.",NUM,0,0,,,,,,
ST330Q08WA,"To learn about future study/work, have you: I went to an organised tour in an [ISCED 3-7] institution.",NUM,0,0,,,,,,
ST330Q09WA,"To learn about future study/work, have you: I researched the internet for information about [ISCED 3-7] programmes.",NUM,0,0,,,,,,
ST330Q11WA,"To learn about future study/work, have you: I researched information on student financing (e.g. student loans or grants).",NUM,0,0,,,,,,
ST330D10WA,Have you done any of the following to find out about future study or types of work? <Country-specific item>,CHAR,0,0,,,,,,
ST324Q02JA,Agree/disagree: I worry that I am not prepared for life after [the final year of compulsory education].,NUM,0,1,,,,Question style†,,
ST324Q04JA,Agree/disagree: I feel well-informed about possible paths for me after [the final year of compulsory education].,NUM,0,1,,,,Question style†,,
ST324Q05JA,"Agree/disagree: I feel pressure from my family to follow a specific path (e.g. go to college, work in the family business, learn a trade) after [the final year of compulsory education].",NUM,0,1,,,,Question style†,,
ST324Q07JA,Agree/disagree: I worry that I won't have enough money to do what I'd like to do after [the final year of compulsory education].,NUM,0,1,,,,Question style†,,
ST324Q10JA,Agree/disagree: School has done little to prepare me for adult life when I leave school.,NUM,0,1,,,,Question style†,,
ST324Q11JA,Agree/disagree: School has been a waste of time.,NUM,0,1,,,,Question style†,,
ST324Q12JA,Agree/disagree: School has helped give me confidence to make decisions.,NUM,0,1,,,,Question style†,,
ST324Q13JA,Agree/disagree: School has taught me things which could be useful in a job.,NUM,0,1,,,,Question style†,,
ST324Q14JA,Agree/disagree: I feel well-prepared for my future path after [the final year of compulsory education].,NUM,0,1,,,,Question style†,,
ST347Q01JA,"In last 3 years, did school close because: Because of COVID-19",NUM,0,0,,,,,,
ST347Q02JA,"In last 3 years, did school close because: For another reason (e.g. a natural disaster, strikes or demonstrations, air pollution)",NUM,1,0,ST261Q11JA,,Pupils have been asked if they missed school because of a natural disaster previously. If this answer doesn't match the previous answer they may be answering falsely.,,,
ST348Q01JA,"During COVID closures, how often: Sent you learning materials to study on your own",NUM,0,1,,,,Question style†,,
ST348Q02JA,"During COVID closures, how often: Sent you assignments",NUM,0,1,,,,Question style†,,
ST348Q03JA,"During COVID closures, how often: Uploaded material on a learning management system or school learning platform (e.g. [Blackboard®], [Edmodo®], [Moodle®], [Google® Classroom™])",NUM,0,1,,,,Question style†,,
ST348Q04JA,"During COVID closures, how often: Checked in with you to ensure that you were completing your assignments",NUM,0,1,,,,Question style†,,
ST348Q05JA,"During COVID closures, how often: Offered live virtual classes on a video communication program (e.g. Zoom™, Skype™, Google® Meet™, Microsoft® Teams)",NUM,0,1,,,,Question style†,,
ST348Q06JA,"During COVID closures, how often: Asked you to submit completed school assignments",NUM,0,1,,,,Question style†,,
ST348Q07JA,"During COVID closures, how often: Gave you helpful tips about how to study on your own",NUM,0,1,,,,Question style†,,
ST348Q08JA,"During COVID closures, how often: Checked in with you to ask how you were feeling",NUM,0,1,,,,Question style†,,
ST349Q01JA,"During COVID closures, which of the following digital devices did you use most often for your school work?",NUM,0,0,,,,,,
ST350Q01JA,"During COVID closures, how much learned compared to typical week of in person school?",NUM,0,0,,,,,,
ST351Q01JA,"During COVID closures, how often use: Paper textbooks, workbooks, or worksheets",NUM,0,1,,,,Question style†,,
ST351Q02JA,"During COVID closures, how often use: Digital textbooks, workbooks, or worksheets",NUM,0,1,,,,Question style†,,
ST351Q03JA,"During COVID closures, how often use: Real-time lessons by a teacher from my school on a video communication program (e.g. ZoomTM, SkypeTM, Google® Meet™, Microsoft® Teams)",NUM,0,1,,,,Question style†,,
ST351Q04JA,"During COVID closures, how often use: Real time lessons by a private tutor on a video communication program (e.g. Zoom™, Skype™, Google® Meet™, Microsoft® Teams)",NUM,0,1,,,,Question style†,,
ST351Q05JA,"During COVID closures, how often use: Learning material my teachers sent via SMS or WhatsApp™",NUM,0,1,,,,Question style†,,
ST351Q06JA,"During COVID closures, how often use: Recorded lessons or other digital material provided by teachers from my school",NUM,0,1,,,,Question style†,,
ST351Q07JA,"During COVID closures, how often use: Recorded lessons or other digital material from other sources (e.g. Khan Academy®, Coursera®)",NUM,0,1,,,,Question style†,,
ST351Q08JA,"During COVID closures, how often use: Lessons broadcast over television or radio",NUM,0,1,,,,Question style†,,
ST352Q01JA,"During COVID closures, how often problems with: Problems with access to a digital device when I needed it",NUM,0,1,,,,Question style†,,
ST352Q02JA,"During COVID closures, how often problems with: Problems with Internet access",NUM,0,1,,,,Question style†,,
ST352Q03JA,"During COVID closures, how often problems with: Problems with access to school supplies (e.g. paper, pencil)",NUM,0,1,,,,Question style†,,
ST352Q04JA,"During COVID closures, how often problems with: Problems with finding a quiet place to study",NUM,0,1,,,,Question style†,,
ST352Q05JA,"During COVID closures, how often problems with: Problems finding time to study because I had household responsibilities",NUM,0,1,,,,Question style†,,
ST352Q06JA,"During COVID closures, how often problems with: Problems with motivating myself to do school work",NUM,0,1,,,,Question style†,,
ST352Q07JA,"During COVID closures, how often problems with: Problems with understanding my school assignments",NUM,0,1,,,,Question style†,,
ST352Q08JA,"During COVID closures, how often problems with: Problems with finding someone who could help me with my school work",NUM,0,1,,,,Question style†,,
ST353Q01JA,"During COVID closures, how often did family member: Help you with your school work",NUM,0,1,,,,Question style†,,
ST353Q02JA,"During COVID closures, how often did family member: Ask you what you were learning",NUM,0,1,,,,Question style†,,
ST353Q03JA,"During COVID closures, how often did family member: Help you create a learning schedule",NUM,0,1,,,,Question style†,,
ST353Q04JA,"During COVID closures, how often did family member: Help you access learning materials online",NUM,0,1,,,,Question style†,,
ST353Q05JA,"During COVID closures, how often did family member: Check whether you were completing your school assignments",NUM,0,1,,,,Question style†,,
ST353Q06JA,"During COVID closures, how often did family member: Explain new content to you",NUM,0,1,,,,Question style†,,
ST353Q07JA,"During COVID closures, how often did family member: Help you find additional learning resources",NUM,0,1,,,,Question style†,,
ST353Q08JA,"During COVID closures, how often did family member: Teach you additional topics not part of your school assignments",NUM,0,1,,,,Question style†,,
ST354Q01JA,"During COVID closures, agree/disagree: I felt lonely.",NUM,0,1,,,,Question style†,,
ST354Q02JA,"During COVID closures, agree/disagree: I enjoyed learning by myself.",NUM,0,1,,,,Question style†,,
ST354Q03JA,"During COVID closures, agree/disagree: My teachers were available when I needed help (e.g. through virtual office hours, email, chat).",NUM,0,1,,,,Question style†,,
ST354Q04JA,"During COVID closures, agree/disagree: I felt anxious about school work.",NUM,0,1,,,,Question style†,,
ST354Q05JA,"During COVID closures, agree/disagree: I was motivated to learn.",NUM,0,1,,,,Question style†,,
ST354Q06JA,"During COVID closures, agree/disagree: I fell behind in my school work.",NUM,0,1,,,,Question style†,,
ST354Q07JA,"During COVID closures, agree/disagree: I improved my skills in using digital devices for learning purposes.",NUM,0,1,,,,Question style†,,
ST354Q08JA,"During COVID closures, agree/disagree: My teachers were well prepared to provide instruction remotely.",NUM,0,1,,,,Question style†,,
ST354Q09JA,"During COVID closures, agree/disagree: I was well prepared to learn on my own.",NUM,0,1,,,,Question style†,,
ST354Q10JA,"During COVID closures, agree/disagree: I missed sports and other physical activities organised by my school.",NUM,0,1,,,,Question style†,,
ST355Q01JA,"Confident can do in future: Using a learning management system or school learning platform (e.g. Blackboard®, Edmodo®, Moodle®, Google® Classroom™)",NUM,0,1,,,,Question style†,,
ST355Q02JA,"Confident can do in future: Using a video communication program (e.g. Zoom™, Skype™, Google® Meet™, Microsoft® Teams)",NUM,0,1,,,,Question style†,,
ST355Q03JA,Confident can do in future: : Finding learning resources online on my own,NUM,0,1,,,,Question style†,,
ST355Q04JA,Confident can do in future: Planning when to do school work on my own,NUM,0,1,,,,Question style†,,
ST355Q05JA,Confident can do in future: Motivating myself to do school work,NUM,0,1,,,,Question style†,,
ST355Q06JA,Confident can do in future: Focusing on school work without reminders,NUM,0,1,,,,Question style†,,
ST355Q07JA,Confident can do in future: Completing school work independently,NUM,0,1,,,,Question style†,,
ST355Q08JA,Confident can do in future: Assessing my progress with learning,NUM,0,1,,,,Question style†,,
ST356Q01JA,"Overall, how prepared feel for learning on own if school building closed again for extended period the future?",NUM,0,0,,,,,,
ST331Q01JA,How much effort did you put into doing well on the PISA test?,NUM,0,0,,,,,,
ST331Q02JA,How much effort would you have invested if your results from the PISA test were counted in your [school marks]?,NUM,0,0,,,,,,
ST331Q03JA,How much effort did you put into giving accurate answers?,NUM,1,0,,,Pupils who answered erratically or gave amusing answers on the rest of the test would be likely to lie about this question too.,,,
